Image,Id
0abddb6c.jpg, new_whale w_a7d4668 w_94cd45e w_7ed3719 w_3350425
0a497952.jpg, new_whale w_a7d4668 w_94cd45e w_7ed3719 w_3350425
0a91423b.jpg, new_whale w_a7d4668 w_94cd45e w_7ed3719 w_3350425
0a20f23f.jpg, new_whale w_a7d4668 w_94cd45e w_7ed3719 w_3350425
0a9e4edc.jpg, new_whale w_a7d4668 w_94cd45e w_7ed3719 w_3350425
0a8b87d1.jpg, new_whale w_a7d4668 w_94cd45e w_7ed3719 w_3350425
0a566a21.jpg, new_whale w_a7d4668 w_94cd45e w_7ed3719 w_3350425
00a716d3.jpg, new_whale w_a7d4668 w_94cd45e w_7ed3719 w_3350425
0aaca20b.jpg, new_whale w_a7d4668 w_94cd45e w_7ed3719 w_3350425
0a14686d.jpg, new_whale w_a7d4668 w_94cd45e w_7ed3719 w_3350425
0a15638d.jpg, new_whale w_a7d4668 w_94cd45e w_7ed3719 w_3350425
0abca545.jpg, new_whale w_a7d4668 w_94cd45e w_7ed3719 w_3350425
0a2b7ea9.jpg, new_whale w_a7d4668 w_94cd45e w_7ed3719 w_3350425
0a1fd0be.jpg, new_whale w_a7d4668 w_94cd45e w_7ed3719 w_3350425
0ab18714.jpg, new_whale w_a7d4668 w_94cd45e w_7ed3719 w_3350425
0a191b6b.jpg, new_whale w_a7d4668 w_94cd45e w_7ed3719 w_3350425
0a042d04.jpg, new_whale w_a7d4668 w_94cd45e w_7ed3719 w_3350425
0aa2864b.jpg, new_whale w_a7d4668 w_94cd45e w_7ed3719 w_3350425
0a533e48.jpg, new_whale w_a7d4668 w_94cd45e w_7ed3719 w_3350425
0a8fbbf4.jpg, new_whale w_a7d4668 w_94cd45e w_7ed3719 w_3350425
0a12c9db.jpg, new_whale w_a7d4668 w_94cd45e w_7ed3719 w_3350425
0a99775e.jpg, new_whale w_a7d4668 w_94cd45e w_7ed3719 w_3350425
0a04314e.jpg, new_whale w_a7d4668 w_94cd45e w_7ed3719 w_3350425
0a293e64.jpg, new_whale w_a7d4668 w_94cd45e w_7ed3719 w_3350425
0a5230c2.jpg, new_whale w_a7d4668 w_94cd45e w_7ed3719 w_3350425
0a1e0918.jpg, new_whale w_a7d4668 w_94cd45e w_7ed3719 w_3350425
0a8f7f34.jpg, new_whale w_a7d4668 w_94cd45e w_7ed3719 w_3350425
0a3839f2.jpg, new_whale w_a7d4668 w_94cd45e w_7ed3719 w_3350425
0a010220.jpg, new_whale w_a7d4668 w_94cd45e w_7ed3719 w_3350425
0a314203.jpg, new_whale w_a7d4668 w_94cd45e w_7ed3719 w_3350425
0a2108a9.jpg, new_whale w_a7d4668 w_94cd45e w_7ed3719 w_3350425
0ab5c2da.jpg, new_whale w_a7d4668 w_94cd45e w_7ed3719 w_3350425
0a470917.jpg, new_whale w_a7d4668 w_94cd45e w_7ed3719 w_3350425
0a2adfb6.jpg, new_whale w_a7d4668 w_94cd45e w_7ed3719 w_3350425
0a044f2a.jpg, new_whale w_a7d4668 w_94cd45e w_7ed3719 w_3350425
0a368ff2.jpg, new_whale w_a7d4668 w_94cd45e w_7ed3719 w_3350425
